{
  "name": "ble",
  "version": "2.1.11",
  "description": "The BLE module offers a high level abstraction for using Bluetooth Low Energy on multiple platforms.",
  "keywords": [
    "Bluetooth",
    "BLE",
    "mbed",
    "mbed-official"
  ],
  "author": "Rohit Grover",
  "repository": {
    "url": "https://github.com/ARMmbed/ble.git",
    "type": "git"
  },
  "homepage": "https://developer.mbed.org/teams/Bluetooth-Low-Energy/",
  "licenses": [
    {
      "url": "https://spdx.org/licenses/Apache-2.0",
      "type": "Apache-2.0"
    }
  ],
  "dependencies": {},
  "targetDependencies": {
    "st-ble-shield": {
      "x-nucleo-idb0xa1": "ARMmbed/ble-x-nucleo-idb0xa1"
    },
    "nrf51822": {
      "ble-nrf51822": "^2.1.3"
    },
    "cordio": {
      "ble-wicentric": "~0.0.4"
    },
    "mbed-classic": {
      "mbed-classic": "~0.0.1"
    },
    "mbed-os": {
      "mbed-drivers": "*"
    }
  }
}